{
       "Agents":[
           {
                 "Agent":
                 {
                     "id":10,
                     "value":0.0,
                     "src":0,
                     "dest":1,
                     "speed":1.1,
                     "pos":"35.18753053591606,32.10378225882353,0.0"
                 }
           }
       ]
   }